nama_tempat,user,review,rating
Kakadu,Nakita Nia,"Kakadu is the perfect place to spend a day with family, surrounded by incredible natural beauty. There are safe swimming spots where you can splash around and cool off, and plenty of shaded areas ideal for a picnic. The scenery is ‚Ä¶",5
Kakadu,Jack Mower,I explored Kakadu on a day trip from Darwin with Autopia tours. Our guide Aaron was super knowledgeable and gave loads of information on the rock art and some of the specious of wildlife we saw along the way. The park itself is stunning and you must go to the top of the viewpoint to take it all in.,5
Kakadu,Andrew Sayer,Nothing else like it on the planet. Go up in a plane or helicopter and do a lap or two out of Jabiru. Do a river Yellow River cruise and try not to be eaten by a croc. Jim Jim falls is worth a visit. Play your cards right and come down in late April.,5
Kakadu,Deb England,Kakadu is definitely a must-see before you die. Abundant wildlife and abundant scenery.  I absolutely love the area and am so glad I visited NT.,5
Kakadu,Sarah Nicole,Amazing wildlife including crocodiles and so many birds. The map you can get is really helpful to show where different things are. Very nice camp grounds and tours. Amazing to see the rock art too. Great hikes to beautiful swimming holes,5
Kakadu,Jordan Ollington,"One of the flat out most unique places i have ever had the chance to visit. Wilderness as far as the eye can see, prehistoric reptiles roam freely and birds flourish, soaring effortlessly through valley and over craggy rock. ‚Ä¶",5
Kakadu,Trevor Holland,"What a magnificent place Kakadu National Park‚Äôs is no need to go overseas to see spectacular sights it‚Äôs all here in Australia.
This is just a small taste of what you will see if you go to this wonderful ‚Ä¶",5
Kakadu,Kristie Powell,"Stunning - particularly Ubirr Art Site.  Breathtaking, and a must experience.  Very easy 1.5km round walk through the art sites and lookout, couple of minutes drive to see the crocs at Cahill Crossing.",5
Kakadu,Daith√≠ Kilcourse,We went here in 2018. We went here visiting a friend of ours and their local friend. He took us to the local must go places to visit. This place is so big and vast that in the week we were there we got to see a lot but not everything. We ‚Ä¶,5
Kakadu,Ian McLean,"Utterly spectacular. Almost overwhelming. Only downside is it is huge, so plan your visit and activities to minimize driving time. Expect extreme conditions. Some kind of boat cruise essential to properly experience the wetlands. Very ‚Ä¶",5
Kakadu,Rob V,"Did a day trip from Darwin with Autopia tours. I wouldn‚Äôt recommend a day trip as it is a long distance - but I was only in Darwin a couple of days.
The trip is interesting and the guide was excellent - but you can only really ‚Ä¶",4
Kakadu,kathryn mcgill,Should have read the reviews before wasting time driving out there. Place is just a money grab! There was no signage or any real warning that all the swimming spots and most walking tracks were closed. Even when you book accommodation they ‚Ä¶,Unknown
Kakadu,emily beare,"Beautiful scenery, worth the travel! Catch the sunset at Uluru and watch the rock change colour, book the light up tour before you get there as we missed out to no availability to book in on the day (and we were there in a quiet time) ‚Ä¶",5
Kakadu,Guillaume de Penanster,"Fantastic park, we spent a week there in a van and I'd say that's enough to visit most of the must see places.
The aboriginal rock art at Ubirr, go for a cruise on alligator river. ‚Ä¶",5
Kakadu,K√∂k√©ny Zs√≥fia,"Beautiful national park. I especially enjoyed Ubirr which (if you climb it) had one of the most spectacular views I have seen in my life. The rock art is also very fascinating, and it‚Äôs nice that there are information-boards so you know ‚Ä¶",4
Kakadu,David Adamson,Kakadu is about a 4 hour drive from Darwin on the organised trip I took. It is a stunning natural environment and on the day I visited had both rain and sunshine. The humidity was high but the flies were not as bad as I expected. The ‚Ä¶,5
Kakadu,Johnno Page reviews,"This is a vast area of land it probably has areas that could be reviewed with in this review, I would only come here in dry season as the roads may be flooded .This is amazing outback Australia with lots and lots to see, you cannot review ‚Ä¶",5
Kakadu,Douglas Dann,"Beautiful place, beautiful tour, I have learnt a lot from the traditional owners of this mysterious and gorgeous land. ‚Ä¶",5
Kakadu,Malay Adhikari,"A tour of this UNESCO World  heritage listed park is a must (if you are in Darwin and have a day to spare). Here you will see an abundance of Aboriginal heritage, plenty of rock art, of Ubirr rock. There's  lots of information as you follow ‚Ä¶",5
Kakadu,Ben Brough,"Amazing national park. Note you need a 4 wheel drive to do any of the Gorges off the main road (I.e Twin Falls, Jim Jim Falls, Motor Falls or Barramundi Gorge). A 2wd camper van cannot get to them.",5
Kakadu,Wayne Burns,"Kakadu, NT. You'll never know if you never go. Kakadu is full of natural beauty and wonders. It's a bit wild, and a bit rough around the edges. And just a shout out to tourists... it's hot all year round. Please drink 2-3 litres of water ‚Ä¶",5
Kakadu,Stefano Bizzarri,"Absolutely amazing. Fantastic opportunities to learn about the local Aboriginal culture! Easy to visit most of the highlights on a 2WD. Great for landscape photography, croc spotting cruises and walks. We spent 2 days but would have happily spent a whole week if we could. Not to be missed!!",5
Kakadu,Sitra Khan,"Amazing experience! Would recommend at least 2 nights in the park. You can see most sights with a 2WD but 4WD required to see the falls. Plenty of rest stops along the way, and Jabiru has services/restaurants/shops!",5
Kakadu,Sarah Dawson,"It was a shame that much of the park was closed, like Jim Jim and Twin Falls. But giving a 5* review as the free tours which come as part of your entry pass were SO incredible. ‚Ä¶",5
Kakadu,Himanshu Rawat,"World Heritage-listed Kakadu National Park, in the Top End, is Australia's Largest National Park and one of the world's most spectacular wilderness areas. Covering more than 19,840 square kilometers, Kakadu is the largest national park in ‚Ä¶",5
Kakadu,CeeKay,"Super great experience to see a jewel of the Northern Territory of Australia and it's diverse nature, plants as well as animals. Ubir art site is a must see especially when the sunset is on. Also the yellow waters tour is recommended, both ‚Ä¶",5
Kakadu,Jacques Herve Cezar,"Kakadu National Park is a true Australian treasure! Stunning waterfalls, diverse wildlife, and ancient Aboriginal rock art make it an unforgettable experience. The landscapes are breathtaking, and the cultural significance adds depth to every visit. Highly recommended for nature lovers and adventure seekers!",5
Kakadu,Stuart A,Totally worth the short walk to see the Ubirr rock art and definitely recommend going up to the look out to the different landscapes Kakadu has to offer.,5
Kakadu,Loz Laurel,OMG.. amazing ..so deserving of the World Heritage Listing. The birdlife plants wetlands escarpment waterfalls goes on and on. If you are a photographer you'll wet yourself.  Yellow water cruise early morning is the one to take. Was there in late December so lush and green.,5
Kakadu,Alan Scarisbrick,"We spent two days at Cooinda Lodge. Day one was an impressive cultural experience, with a trip to The Visitor Centre and Ubirr rocks for the remarkable ancient rock paintings. ‚Ä¶",5
Kakadu,Johanne Mears,"It has so many natural wonders. However when we visited in mid May most were still closed and even the few that were open were only accessible by 4WD, so for us, slightly diaspointing, but that's the natural world. To be sure of access wait till June or July.",4
Kakadu,Robin Eriksson,Beautiful park with so many diverse environments to visit. We have to go back more times to see all areas and revisit the favourite spots. Lots of history and wildlife to experience. A must visit if you travel to NT.,5
Kakadu,Scotty Fazen,"We went today with Never Never safari tours headed by Chizo. I recommend using him as a guide as he knows all about the fauna and Bush Tucker in the area and is very knowledgeable about the paintings.
Oh he also puts on a good lunch üòäüòäüòä. ‚Ä¶",5
Kakadu,Andr√© Bryder,"Kakadu National Park is a biodiverse and enormous national park. It is known to be home to 2.000 plant species and a very rich wildlife. I would strongly recommend going to Ubirr, where unique ancient aboriginal rock art can be seen. Nadab Lookout was also a highlight, where the area can be seen from a scenic viewpoint.",5
Kakadu,Sarina Haynitzsch,"Do not purchase a park pass before going to a visitor center! We did by a week ticket for two adults before entering, cause everywhere where signs that you should, only to figure out shortly after in one of the visitor centers that all ‚Ä¶",Unknown
Kakadu,William Hanrahan,This park is huge with loads of plants and animals to see. The Parks and Wildlife website is full of great information to help plan your trip. Be careful of water crossings and dangerous crocodiles. The main Arnhem Highway is sealed bitumen ‚Ä¶,5
Kakadu,Gordon Jessup,"Definitely worth spending at least three to four days exploring Kakadu. Amazing diversity of landscapes, flora and fauna. Some great swimming spots in the southern end too!",5
Kakadu,Patrick Hanna,Very nice place to go and spend a few days visiting. I spent three days there and there was a lot to see and do during that period. But make sure to bring an insect repellent: so many flys over there!,5
Kakadu,Marcus Port Mac,"I'm mixed on Kakadu. If you want to see waterfalls or are short on time/money I'd go to Litchfield National Park, as it's closer from Darwin,  the roads are nearly all sealed and the waterfalls are great. Kakadu costs $100 a weeks pass for ‚Ä¶",3
Kakadu,Ond≈ôej Plotycia,"The most expensive national park in Australia, I think it is overpriced. There are many national parks same or better and cheaper. Also you have to pay extra for camping. ‚Ä¶",3
Kakadu,Rise 2901,"We visited Kakadu and loved it. We took a guided tour on the Alligator river and loved it.
You are definitely going to see many crocodiles.",5
Kakadu,ashley bennett,Great place to spend a week plenty to keep you entertained from watching crocodiles at the crossing into Arnhem land. If you intend to see Arnhem land you will need to get a permit before entering. Worth while jumping on a tour with the local indigenous people very informative.,4
Kakadu,Kateryna I. Mazurenko,Big but the views are mostly the same. And a lots of biting insects even in dry season. Would be interesting for those who's curious about aboriginal people. Better go to Litchfield for nature,3
Kakadu,Arden Sloane,"Beautiful, a must see for anyone visiting the Northern Territory. Gunlom Falls, Yellow River and Ubirr in particular are standouts.
Try and get to Ubirr early (8am early) because it gets flipping hot and the ‚Ä¶",5
Kakadu,Terry Veling,"When you buy a Park pass, check to see what parts of the park are open. Many of the major sections and billabongs were closed during our visit. It was a bit frustrating not knowing this information when we purchased our pass online.",3
Kakadu,Jensen Chua,"A must-do , must visit when in the Top End. In fact, this place might the reason why you visit the Top End. Do take the early cruise ..and soak yourself in NetGeographic moments!  A UNESCO world heritage site indeed!",5
Kakadu,Martina Kindsvater,Gullom Falls is very beautiful. Yellow water cruise super recommended! You can find animal around and you have nice options for accommodation.,5
Kakadu,Dianne Krygger,Most wonderful time in the NT in Kakadu National Park. Must see Maguk waterhole. Mary River was beautiful too. Incredible. I would recommend Britz Sprinter 4WD van to take you anywhere. Look forward to coming again.,5
Kakadu,Marty Goldstein,"Ahhmaziinnnnggg! Loved Kakadu, best National Park experience ever. Yellow river boat cruise highly recommended. We saw so much wildlife, ticked all the boxes.",5
Kakadu,Daryl Roberts,"Excellent.
Amazing experience.
Stayed at Hawk Wilderness Lodge and did tours with Kakadu Cultural Tours. They were great, personalised experience and really took care of me.",5
Kakadu,Marina de la Fuente,"Amazing national park. It has everything to satisfy every taste. Culture (aboriginal rock art), nature, wildlife... a must in Australia. Top spots: Gunlom infinity pool, Nourlangie ranger walk, Ubir sunset and the sunrise wildlife cruise (Yellow Water Cruises) to see the crocodiles and birds waking up.",5
Kakadu,claydoc1,Very disappointing.. over hyped.. most attractions closed.. goto Litchfield instead,Unknown
Kakadu,Mozinoz_ Digital,"Kakadu NP. has serenity yet there‚Äôs a tinge of danger ever present due to the harsh environment. The Aboriginal park rangers with their unique connection to the land, illuminate the rocks, trees and wildlife through sharing personal stories ‚Ä¶",5
Kakadu,Patrick Barlow,A very spiritual experience.,5
Kakadu,MD Sajedur Rahman Roni,"Kakadu National Park, in the Top End or the Northern Territory, is a World Heritage Site and one of the planet's great wilderness areas. Covering more than 19,840 square kilometers, Kakadu is the largest national park in Australia and the ‚Ä¶",5
Kakadu,Jan-H. Mo,"Litchfield's bigger brother, Kakadu National Park is a must see. It has to offer some stunning nature as well as flora and fauna. Beyond, it gives interesting insights into Aboriginal culture, history and traditions. You are better of with a 4x4 as more remote waterfalls can be reached but also without it is a must. Recommended!",4
Kakadu,Gary Hughes,What a better way to escape Melbourne‚Äôs cold winter - 30C days in Kakadu National Park - superb flora & fauna - such friendly ppl üòÄ ‚Ä¶,5
Kakadu,ÂªñÈüãÈàû,"Awesome national park, if you are a person who likes eco-tourism, it is recommended to come here to participate in local tours, there will be a very professional tour guide to explain the ecology of this national park!",5
Kakadu,Regan Turner,There are great rock art and views to see. For me it didn't live up to the hype. A lot of the facilities are run down and looking tired. You aren't allowed to bring dogs although there are lots of dingos and wild dogs around. Prices for ‚Ä¶,3
Kakadu,Wenzz X,Omg amazing placing to visit  wildlife everywhere  so many things to see on the wildlife tours make sure u take sunscreen and a hat and water  it gets a little hot on the boats but the savannah and the wildlife are amazing,5
Kakadu,michael watson,Fantastic National park to many beautiful swimming holes wonderful wild rivers plenty of crocs don‚Äôt go in the water unless signs saying it‚Äôs ok,4
Kakadu,Graham Andrew Oliver,It might be the bigest national park in Australia but with Jim Jim falls closed if it was not for the helicopter ride it was alot of driving for very little!!!,3
Kakadu,Ian Fletcher,"Southern side of Kakadu has fantastic waterfalls. Tracks are in reasonable condition, although caravaners/4x4 drivers are way too fast for their ability and a serious danger.",4
Kakadu,arash tayebbi,The best place to visit. Amazing nature Amazing water falls everywhere beautiful,5
Kakadu,antonio ventosa,"Disappointing vs. expectations and with unprofessional staff at the Garnamarr campsite who ruined our opportunity to visite the falls.
We went in the dry season on the 28th of June 2024 and all the falls were ‚Ä¶",Unknown
Kakadu,Nick Eddy,"Visited in April coming to end of wet season, as to be expected many walks and access areas closed, still loved what we saw, disappointment was the road to Boulder Creek Falls walk/pools was not signposted so we missed it. Rangers at Mary ‚Ä¶",4
Kakadu,C,"An unforgettable time, the stories, wonderment, exploring the various painted  sites, Cameron at Kakadu Air helicopters
Great roads to get around what a totally enriching experience for the soul",5
Kakadu,Mmac,Very long drives to anything which is cool and all. Love the camping. Would be great to get some better info about certain locations. Did a few long hikes (hours) to find signs saying closed. But beautiful vistas and locations. Would love ‚Ä¶,4
Kakadu,Shona Hopper,Great bush camping and walks. Excellent info and education around the walks and rock art sites. The cultural centre is brilliant. The Guluyambi cruise on East Alligator River was also brilliant.,5
Kakadu,Mary Brown,"So sad so many places in kakadu are closed. We came a long way to experience this beautiful place, have to just dream about it. Enjoying camping anyway",3
Kakadu,Robyn Drayton,"What an amazing Day.
Todays journey is heading to Cahill Crossing and sunset at Ubirr.
Last time through here was dry season again with a scorched landscape. This time ‚Ä¶",5
Kakadu,Diane Sherwood,Very disappointing to discover on arrival that most of the Kakadu highlights are closed. It is the middle of the dry and we can't visit any waterfalls. When you buy your expensive parks pass on line you should be told that these places are closed. Should be renamed Kakadon't.,2
Kakadu,Minhajur Rahman Rifat,Camping in Merl camping and visited the rock art jabiru. Exciting places,5
Kakadu,Brittaney,"This park is one of my favorites in Australia. There are a lot of flies, but the scenery is worth it. Bring lots of sunscreen!",5
Kakadu,Mandelhart (Mandelhart),"If your staying at Jabiru then your probably here to check out the surrounding Narional Park.
Plenty to see and do. Would recommend 4wd to access areas that a conventional car cannot",5
Kakadu,Henrik Janer,Unique wildlife and nature. Visited during the dry season. Perfect for bird watchers and birding.,5
Kakadu,Paddy Mann,"Great place to visit after the wet season and the waterfalls have opened back up, not much to do in the wet at all",5
Kakadu,Peter Ziemann,Poor facilities which are not well maintained. There was no wow factor and we had much better experiences at other national parks. $50 entance fee and half the park is closed mid April.  Litchfield national park was so much better and free. ‚Ä¶,Unknown
Kakadu,Nika Houkes,"Beautiful national park. Really rather hot, even in the dry season. The wildlife and nature make it well worth it though.",5
Kakadu,Pierre-Alexandre Suin,"Amazing National Park just a few hours from Darwin. The landscape is amazing but the perks of this park are the aboriginal culture and rock paintings and the wildlife (birds, crocs, insects, fish...). One of the must if you're in Darwin!",5
Kakadu,Murray Thomas,Beauty fed by perennial springs from Arnhem Land. Immense diversity of life under active management from a joint Government-Indigenous body. Truly a joy to see. If you wanted crocodiles here's the place to be.,5
Kakadu,M,Great place to visit if you are in NT. Only one little shop to buy drinks and snacks. Toilet facilities available.,5
Kakadu,Anthony Mikati,"One of the most beautiful, peaceful places in Australia I've been to and incredibly diverse birds and wildlife",5
Kakadu,Locochew K,"Couldnt put a word for the beauty of nature.
recommend to do a tour . can't miss anything.
Amazing views.",5
Kakadu,Mariane Hill,So much to see. We had a fabulous time.,5
Kakadu,Dana Hooshmand,"Spend at least three days in the park and leave one unplanned. Get a 4x4 that can go off-road and at night time, it'll cost a lot more but (predictably) take you to the best places in the park. Don't worry about dinner, you can get that ‚Ä¶",5
Kakadu,Jason,Not quite as good as Litchfield but costs 40$ (!!!) a person. Attractions are far apart from eachother and the best are 4wd only. Camping is cheap which is nice. Still a must for anyone travelling the NT.,3
Kakadu,J S,Very enjoyable. Spend a couple of days. Fish the causeways. Dodge the storms. Take as many photos as possible. And clean up your rubbish. Excellent place to spend some time.,5
Kakadu,Derek Quach,An amazing area! I managed to get an arial view of Jim Jim falls and the twin waterfalls. I went down the Kakadu river boat and the tour was very funny and very informative. It was unlucky that there was only one crocodile I saw from the ‚Ä¶,5
Kakadu,Pat,Excellent views and culture. Swimming is restricted to croc safe areas. Recommened.,5
Kakadu,Alfred Diesing,The history and the talks to the elders made my day. Also Cahill crossing. What a site to see salties in there natuaral habitat. Sun set at Ubrii outstanding,5
Kakadu,Rainer Winkler,"Amazing place. So many beautiful places to visit and see. Great cruises, lookouts, paintings, waterfalls, walks etc.",5
Kakadu,Jennifer Wilson,It's beautiful very beautiful it's one place I would recommend if you'd like to find yourself,5
Kakadu,Yvonne Davidson,"Love it took 4 x 4 track the best, will be going back to check out more of what Kakadu has to offer.",5
Kakadu,Nathalie Menzel,A lot of roads wear still closed in may  so we couldn't sea a lot but there are still a lot of beatiful lockouts and the aboriginal rock paintings are very interisting.,4
Kakadu,Maureen Cheung,"Incredible sceneries, creatures and culture. Unfortunately, many roads were closed and we couldn't access the famous Twin falls, Jim Jim fall and some art sites.",5
Kakadu,Leanne Gangell,We had the best time .so beautiful to see .it was just amazing,5
Kakadu,Mick Duck,One of the best national parks in Australia. Crocodiles and beautiful waterways. So much to explore,5
Kakadu,Robert Jacobs,Had great time in the dry in September. But a little less when I went back in April as most things were still inaccessible except big four wheel drives. Best to go in June I believe.,4
Kakadu,Lynne Philp,Always worth a visit. Although very busy during school holidays.,5
Kakadu,Heather McClellan,It's a very beautiful place but the hundreds of tourism guide groups really ruin the experience. Wouldn't recommend if you actually want to enjoy the beauty of the land and read about its history.,2
Kakadu,Randy Randy,Amazing. I hear a lot of it is now closed to the general public but it's still awesome,5
Kakadu,Kevin Fraser,Soon good it is still untouched or spoiled,5
Kakadu,BazzA F,"Loved this place too much to see plenty of crocs and untouched amazing wild animals
It should be in your bucket list highly recommended",5
Kakadu,Roseanne Hogarth,"Loved it, well worth the effort to visit and join a walking group of really see the special place",5
Kakadu,Luke,Over priced and underwhelming. Facilities were dirty. Most of the walking tacks were closed and the ranger guided walk was hopeless. Not sure where all the money goes in this place. Info centre didn't really know what basic activities were ‚Ä¶,2
Kakadu,Adeline Alexa,"In Australia‚Äôs largest national park you may find historic landscapes with thundering waterfalls, lush rain forests, wandering wetlands, distinct wildlife and ancient rock artwork.",5
Kakadu,Thy Nguyen,"Disappointed with my experience considering Kakadu National Park has been on my to do list for a very long time. While I understand the value of this space for the indigenous community, there is still much that needs to be developed and ‚Ä¶",Unknown
Kakadu,Rakesh Rahman,Great spot for a weekend run with fam! We've had picnic as well one time. Must visit!,5
Kakadu,Dietmar Schade,"Not a nice national park. Only a bit nice landscape.
After the trip, locals told me that the visit isn't worth it. I agree.",2
Kakadu,Ali Pottinger,"Beautiful natural pools, amazing wildlife, wonderful rock art.",5
Kakadu,Karen Norris,A must see once in a lifetime,5
Kakadu,Karlie Jade,"This place is magical. The aboriginal rock art is unbelievable,the scenery is to die for.
Cahill crossing is the best also, loved that experience, croc central.",5
Kakadu,gastronomicrice,Yellow water cruise is a must go here. Also don't miss the Ubirr rock art and walk as well.,5
Kakadu,Elise Kenny,Amazing place! So many special and breathtaking things to see. Could spend a week or more exploring,5
Kakadu,Ash James Farmer,One of the most amazing places on earth. If you do end up going here I can almost guarantee you'll die happy.,5
Kakadu,Outback Images Photography,Great wildlife experience and many camera opportunities for scapes.,5
Kakadu,Barbara & Ken Wilson,Kakadu NP infrastructure seems somewhat run down and park lacks energy since our last visit 10 years ago. Nowhere except Corroboree Park either on the Highway or in Kakadu for the traveller to purchase a hot coffee or snack. Cafes and ‚Ä¶,3
Kakadu,Elizabeth Moran,Beautiful place to experience a free walk with friends and family‚Äôs where you are connected closely to restaurants and pubs to enjoy afterwards.,5
Kakadu,Kev Carroll,"Enjoyable stay, great memories and saw lots of wonderful things.",4
Kakadu,Darrin Clark,"Great experience , worth the trip for the cultural lessons.üëç ‚Ä¶",5
Kakadu,Muhammad Umar Aslam,"Nature's beauty lies in its endless colors, peaceful rhythms, and breathtaking landscapes that inspire the soul.",5
Kakadu,Beata Seta,Great,5
Kakadu,Michael Bouda,Amazing experience. If you time poor and have the budget - just fly in and out! Worth the cash,5
Kakadu,Gary Barber,A must see!,5
Kakadu,Hannah Louis,Best place to visit family and friends. Had a great time here. One must visit this place once in a life time.,5
Kakadu,Tristan Zhu,"Very nice place to go, enjoy the different life style.....",5
Kakadu,Linihila Lini,"Whatever you do, and no matter how many days you stay in Kakadu National Park, get ready to be amazed! It's definitely one of the most beautiful national parks I have visited in my life. It's not only the biggest territorial park in the ‚Ä¶",5
Kakadu,Phil Crimmins,"Simply amazing
Gunlom falls is a great campsite and beautiful waterfall and plunge ponds",5
Kakadu,Simon Wood,"A major disappointment .
We finally made it back to Kakadu after 24 yrs since our first visit only to find all the falls and swimming holes closed and they have been since approximately ‚Ä¶",3
Kakadu,Stephen Baxter,Fantastic place. Loved everything especially the Rock Art. #dokakadu,5
Kakadu,Georg Gundacker,"Spent there 4 days in November 2023. not much to see, most ‚Äûattractions‚Äú where closed and in total the park is totally overrated. The service in the Cooinda lodge was rather poor compared to the prices they ask for staying there. We left one day earlier as planned. I would not recommend to go there, Georg",2
Kakadu,daryl webb,"Lots to see, having your own 4x4 is a bonus",4
Kakadu,N vdW,"Beautiful park. Too bad only 20% of the park seems to be open; Ubirr, Aboriginal centre and the rock shelter art 08/05/23.
Fun to see so many wild animals like horses, wombats, birds and snakes.",4
Kakadu,Margaret Williams,A very relaxing place. The scenery is beautiful,5
Kakadu,James Donna Wells,Great place hot showers and toilets were ok  camp grounds where nice and flat big fire pits plenty of wood around but. Make shore you plenty of fresh water as there none at camp sits and need it for the long walks. I do think if you pay a national Park pass $40 each adult the camp grounds should be free but overall we enjoyed it üòé ‚Ä¶,4
Kakadu,Ross,So much to see and such a beautiful part of the world,5
Kakadu,Erwin TB,To be honest very disappointed Expected something special for me it wasn‚Äôt,3
Kakadu,Paul Barker,So much to see and do I took off one star as the road conditions of the dirt roads was horrendous. ‚Ä¶,4
Kakadu,Craig Burnard,"We did free (book online) Ranger guided tours at Cahill Crossing and Ubirr. Natasha aka Tash,or Nat, did an outstanding job!  Not only is her immediate family custodians of Kakadu but her endearing personality, humour, knowledge, grace, ‚Ä¶",5
Kakadu,Tosca Mulder,"A beautiful place to visit, although the drive to get there is very long and at times a bit monotonous the trip on the Yellow Waters cruise was spectacular. The staff were friendly and shared a great deal of information about the ecosystem ‚Ä¶",Unknown
Kakadu,Sarah Hunwick,"Wonderful experience!
Stunning scenery, lots of picnic table and toilets areas.
We had one day and it was enough time but for families I would recommend two days.",5
Kakadu,Alex Ivanovic,Being on 2wd makes this for a forgettable experience. We went to all the sites accessible and nothing was really memorable. Aboriginal tour guide who's asking for respect for their people and culture never showed up to do the guided tour- ‚Ä¶,2
Kakadu,stephen betheras,Only Jim Jim Falls open way to far and dangerous to walk to the pool All other falls with pools shut Last there 4 years ago signs at Nourlangie and Ubirr unreadale middle of dry and Tourist season no guides on weekend obviously too lazy to ‚Ä¶,Unknown
Kakadu,Jo S,"Amazing, must take the yellow water cruise",5
Kakadu,Kathleen Robin,Our cruise on yellow waters was wonderful our guild Greg was the best,5
Kakadu,Kornel,"Not much to see in may. Charging money for enterance and campgrounds witch is quite a lot. Didn't see any waterfalls just, rock arts.",3
Kakadu,Claudia C,So much beauty! If you're able to travel all the way to northern Australia then go visit this national park. This is a world heritage area and is the biggest national park in Australia. Here you can check out Aboriginal rock art who are ‚Ä¶,5
Kakadu,Bet Petrie,Lovely National Park with great attractions particularly if you like walking/ hiking. The walks ranged in difficulty from easy to difficult but each track had good information at the start so you can judge your ability to complete it. The ‚Ä¶,4
Kakadu,Pei Jun Quek,"Took a 3-day package with a local adventure agency in Aug 2013. Superb experience traveling in 4WD, trekking over giant boulders, swimming in the fresh water, eating kangaroo meat and listening to the local guide explaining about the aborigines. Highly recommended.",5
Kakadu,Y L,"Its a huge! i spent 3 days with my friend in the park, but felt quite rushy, lots places we didn't get time to visit, it was BEAUTIFUL, magic, have waterfalls, rocks, aboriginal culture and countless amazing landscapes. Still be careful the ‚Ä¶",5
Kakadu,Michael Greig,"Great experience. Motor car falls still has water. Majuk too, and is more spectacular but busier.  Morning walks are best as its hot. The rock art is impressive. Mosquitos are bad at Yellow River but we saw 2 crocs. Jabiru tourist centre is ‚Ä¶",4
Kakadu,Jo√´l Kalpram,"Live here for the last 5 years and wishing for it to be many more years yet. I‚Äôve learn to love this area. The water holes, waterfalls, fishing, rock-arts, indigenous knowledge and traditional arts & crafts are all of the things that make ‚Ä¶",5
Kakadu,Helen Blasko,What a wonderful world we live in. An amazing place.,5
Kakadu,Sabine Christa Lange,Magic place for nature lovers,5
Kakadu,Cheryl Lippert,Must take a yellow water cruise.  It's so fabulous and you will see tons of wildlife including crocs up close. Also do the hikes to see the aboriginal cliff art.  Words can't explain how sacred the area feels.,5
Kakadu,Ethan Noble-Green,One of my favourite places in Australia,5
Kakadu,Lyndy_2026,Indescribable. Unique. Sunrise Yellow water billabong cruise was truly great. Scenic flight one hour with Kakadu air is a must. Kakadu is ENORMOUS. Wish we had found more indigenous people to talk to. Drink 4 litres of water a day with hydra lite. Bucket list item for sure. Glad I went.,5
Kakadu,Jacob k,"Darwin+Kakadu in December wet season is highly not recomended. 70% restraunts ""closed"", Kakadu had 3/4 of tourist destinations closed, Jim Jim falls apparently not open for ""3yrs"", best attraction in Darwin is the under ground oil tunnels ‚Ä¶",2
Kakadu,Tanguy D,"Huge deception.. pretty expensive for what you get, most off road tracks were closed, get the impression on being scammed as it took us only a day to visit the different places... When you sell full price entrance, we are waiting for at least a good part of the attractions opened.",2
Kakadu,Nathan Weyn,Spent 40 dollars for entry just to find out most things were closed. Sunset at Ubirr was amazing but apart from that it was a big disappointment and waste of money.,2
Kakadu,Angela Marshall,We did a caravan trip through Kakadu National Park and it was unforgettable! The scenery was incredible and I found the Aboriginal artwork deeply fascinating. I see it's been mentioned plenty of times in these reviews but.. prepare for the flies!!,5
Kakadu,Rene Hartmann,"Never Been there
But from what I heard
It's a very incredible amazingly beut place
Thinking of getting engaged there.",5
Kakadu,Jonathon Schade,What a great location. If you want to see it properly make sure you stay somewhere in the park. It is too far to drive from darwin for a day trip. The river cruise was fantastic. Seeing crocs in their natural environment is way better than ‚Ä¶,5
Kakadu,David Lindeman,Just WOW..so much to see..we stayed at Kakadu caravan park..it had everything,5
Kakadu,Chris Hodson,An awesome experience. The Yellow Water Cruise was great.,5
Kakadu,Mary Harris,Always wanted to have a look from the air - amazing!,5
Kakadu,Paul Williams,"Hi, we stayed in the lodge as part of a party. Lodge was fine, is early season maybe & some building work going on - but was not a problem. Then in morning had a 2 hour cruise for the birds & Crocs. That was excellent, but as am English I ‚Ä¶",5
Kakadu,Tony Wu,Fantastic place. Haven't enjoyed a trip like this place for a long time.,5
Kakadu,Neil Reynard,"- bush fires run rampant throughout the park, and everybody's reasoning is that it is Aboriginal tradition and culture.
- very little signage to most of the attractions, limited accommodation options ‚Ä¶",2
Kakadu,Mikaila Gaskell,"Hard to describe how wondrous this place is. Take a tour of the aboriginal rock art, go for a cruise on alligator river to spot crocs and learn about the traditional ways of the lo cal communities. Incredible wildlife, birdlife and plant ‚Ä¶",5
Kakadu,Alastair Clouston,Lots to see and all those crocodile and all that rock planting ü§î left the mind wondering ‚Ä¶,5
Kakadu,Mike Barrow,"Taste of Kakadu early May is great
All waterfalls and rock pools closed but rock art open we had an entertaining and informative tour of Nourlangie. Thanks Johnny and Oscar our local aboriginal ‚Ä¶",5
Kakadu,Jamie Hay,"Despite the hefty forty dollar entry fee this was still an excellent destination. The rock art sites are stunning. Some wonderful bird life, lots of great rock formations and nice walks, waterfalls and rock pools.",5
Kakadu,Tony,Done a few trips into Kakadu over the years. Always enjoyed the amazing natural wonders.  You can find a secluded quiet camp site if you're willing to look hard enough. The facilities at some if the bigger sites are always of a high standard.,3
Kakadu,Brad H,A must visit for anyone looking for the real outback experience!,5
Kakadu,Robyn Peard,Awe inspiring. Beautiful. Incredible and detailed rock art with the spiritual connotations was enlightening. The passion of the locals talking about their land is wonderful to hear and feel. Yellow waters is worth a visit.,5
Kakadu,Maria Dzunkova,"Such a beautiful and peaceful place! The high tourist season in from June to October, but we visited in end March and there was no rain at all, tough it was still very hot. But perfect conditions for taking a water cruise and observe ‚Ä¶",5
Kakadu,Timothy Djandjomerr,On to me make sure that I will be there how it's going to be home for a way that in mind that I can get there and tell them about it very clear about story never told me that I have been a great time with you family and friends have a nice ‚Ä¶,5
Kakadu,Stephaen R. Nutthold,"Came to collect endangered animals, stayed for the nice views. Word on the town was that the near-extinct Palos Verdes Blue Butterfly was flying in for Winter hibernation in the mangrove trees of the park. I've been in the business for a ‚Ä¶",4
Kakadu,Jessica Hemingway,"It's beautiful, the staff at Bowali visitors centre were friendly, helpful, and happy! The park itself is a treasure trove full of amazing, wonderful and educational sights! We are so lucky to be able to enjoy such sights!",5
Kakadu,John Stokes,Do all the cruses offered. Well worth the cost and there are some good promotional offers  available you only have to ask. The rock art tours are great and staff are very well informed across all aspects of the Kakadu.,5
Kakadu,Colleen Dixon,"I don't normally to bus tours- On a  one-day tour from  Darwin I saw and did more than I would have thought possible, including three rock art sites at Anbangbang, a lookout over the dramatic Lightning escarpment, and a Yellow Waters cruise ‚Ä¶",5
Kakadu,Lydia Jane,Kakadu is a special and incredible place. Simon from the Warradjan Aboriginal Cultural Centre articulated it perfectly - leave your preconceived ideas behind and just take in the experience. ‚Ä¶,4
Kakadu,Markus W.,"It feels like a big Zoo, not like a national park. Very high entrance price even though 3/4 of the park was closed off. Paved tracks and signs everywhere with things you are not allowed to do. Dozens of Police and rangers at every corner to ‚Ä¶",2
Kakadu,Franziska We,"Unfortunately we are disappointed with our visit in the Kakadu National Park. We spent 2 nights there and unfortunately found out to late, that almost everything was closed. Unfortunately, there were no signs at the park entrance and the ‚Ä¶",Unknown
Kakadu,L·ªôc H·ª©a,Connect with the oldest living culture on earth. The rugged and remote beauty of Kakadu has stories to share that will take your breath away and touch your heart. ‚Ä¶,5
Kakadu,Zheng Yue,Amazing starry sky and galaxy On our way back to Darwin which we can not capture by the phones,5
Kakadu,Cris Cerezo,"Half of the attractions were closed (cultural or seasonal reasons) and to go to the other half you need a 4wd, but still you have to pay 40 bucks (even if you do a day trip). It's worthless the long trip you have to do just to see two lookouts",Unknown
Kakadu,Martin Hemopo,It's a great place to visit. During wet season (October to May) the thunderstorms and lightening strike are spectacular to watch. ‚Ä¶,5
Kakadu,Virginia Phillips,"Lots of driving but the scenery is great, the amenities were clean, the roads were generally very good, directions were pretty clear, the road trains are enormous, purchased our Park Pass online.  We went on the Guluyambi Cultural Cruise on ‚Ä¶",4
Kakadu,Bren Harp,Breathtaking experience! But we didn‚Äôt get to see everything in one day. Definitely need to do it in three days!,5
Kakadu,Justin Millard,Absolutely magnificent !!!!! Thanks for open to public. I wouldn't never see this in my life.,5
Kakadu,Cathy McNeilly,Great experience on the yellow river.,5
Kakadu,Clive Marks,Just beautiful,5
Kakadu,Shane B,Definitely my favourite place to visit in the Northern Territory. Although 3 days was definitely not enough as we didn't see everything that we wanted to see. Nourlangie rock art was beautiful and easy to get around 4. Jim Jim Falls was ‚Ä¶,5
Kakadu,Manjit Sidhu,What an amazing place to visit. Loved everything about it. The people were also amazing.  Our stay was perfect. The beers n food was excellent. The Yellow River Cruise was out of the world.,5
Kakadu,Dominic Wyss,"Yes, it‚Äòs a nice National Park. But way overpriced! 24$ in the wet season where 90% of the park is closed! Almost all camping sites, roads and walks are closed or only accessible with payed tours during the wet season, some parts may be ‚Ä¶",3
Kakadu,Carla van Rensburg,Amazing experience. There are a list of things one must do and see whilst there. 3 full days required to get to see the major sites and attractions. Add a couple of days if you want a less intense itinerary.,5
Kakadu,Carole Morris,Just had a week here in Kakadu. We loved it. With the lockdown a few tours were cancelled but there were still plenty of places to see. Did several walks to see the Aboriginal rock art and sunset walk at Ubirr. We met Tasha from Kakadu ‚Ä¶,5
Kakadu,Tanvir Azam,"This unique archaeological and ethnological reserve, located in the Northern Territory, has been inhabited continuously for more than 40,000 years. The cave paintings, rock carvings and archaeological sites record the skills and way of life ‚Ä¶",4
Kakadu,Paul Marshall,Been here a few times in the dry season. Just had three days in the Wet. Awesome flight over the NP from Jabiru. Loved staying at Cooinda and the Yellow Waters sunrise cruise. Lots of water!,5
Kakadu,Jim Buzacott,"The scenery, from the rugged rocky outcrops to the swampy plains and the meandering, croc-infested rivers and billabongs, added to the amazing aboriginal rock art from thousands of years, is a sight to see. The bird life is extraordinary and the colours of the cliffs, vegetation and sunsets/sunrises are a sight to see.",5
Kakadu,galway to,"This is not a dry season place to visit. The jump in fees is too much, guided tour we gave up on as about 100 people turned up for 1 guide, hard to hear anything. Theres some amazing sites but they need to be more helpful for the independent travelers and not just the tour groups. Sadly we were really dissapointed.",2
Kakadu,J B,This place was cool except I don‚Äôt suggest making the decision to go there without a 4 wheel drive. Maguk was the only spot we were able to see but the 9km track leading down there was corrogated and sandy at the end. We got boggednfor a ‚Ä¶,3
Kakadu,Brandon Sideleau,"One of the best national parks in the world with a ton to see. Majestic cascading waterfalls raining down massive cliffs from the escarpment/stone country, a wealth of aboriginal culture, tons of awesome crocodiles (porosus and johnstoni), ‚Ä¶",5
Kakadu,Andrej Mchantaf,"Disappointed. I went in the wet season. The park is huge and mostly looks all the same. The Nourlangie rocks are beautiful, but not worth the drive. Certainly overrated. I understand the great value for the local Aboriginal community, but ‚Ä¶",Unknown
Kakadu,Thomas Worden,Only got to see from Yellow Water and south but the parts of the park I saw were so beautiful.  I highly recommend going to Maguk falls and making sure you swim in the top and bottom.  Just make sure you check well ahead of time which areas are open!,5
Kakadu,Benny D,"Great place to visit, the culture and scenery is amazing.
one of my favourite spots in Australia.
i will be back.",5
Kakadu,Aimee Riley,Kakadu is an incredible experience if you take the time to.enjoy the surroundings and dont speed the 130km through to get to.the other side. The journey would be better experienced if there were food Van's at Information stop on entry but otherwise pack food and water for picnics and your journey will be well worth it,4
Kakadu,Ramon R. V.,"Ubirr and it's walks around the monsoon forests, the yellow cruises, east alligator river cruise, Jim Jim falls... A very nice landscape area. Also excellent for birding. Reptiles are very very difficult to spot at this season (dry) :(",5
Kakadu,John Wilson,Lots to see and do or just relax by the pool in Cooinda Lodge.,5
Kakadu,Robyn Harte,"AMAZING! Worth the long trip, beautiful country. Accommodation is in short supply, book ahead. Cooinda a better option, Crocodile Hotel at Jabiru old and run down,broken door lock and used bag stand across door !!, couldn't use table and ‚Ä¶",5
Kakadu,Lachlan Walker,"A little overrated, a long distance to travel to with not much to see. If you are limited for time Lichfield NP is more worthwhile",3
Kakadu,Cameron Pascoe,"Signs are all faded, roads are destroyed, all of the places you can get to with a 2wd were closed. Payed $40 for entry and had to pay to stay in the camp sites. All the cafes and bakerys in the local town of Jabiru were closed. Do not recommend, I want my $40 entry fee money back.",Unknown
Kakadu,Regina Parker,"253km away from Darwin, Kakadu National Park did not disappoint. This national icon World Heritage Listed paradise was brimming with beauty and terror (crocs) but the unforgettable experience for me was driving through the maximum speed limit on Stuart Highway at 130km and overtaking a truck was like overtaking a train!",5
Kakadu,Lucile Kopytko,"This national park was incredible to see, so rich in aboriginal rock arts and incredible waterfalls. Make sure to go to Cahill's crossing to see Crocs as well ‚Ä¶",5
Kakadu,Sue-Ann van-Cuylenburg (The Cheeky Cook),"Ah, Kakadu! What's not to love? Being born and bred in Darwin does not make me biased üòÅ Depending on the season (Wet or Dry) , access can be limited to many tracks and areas particularly in the wet. The wildlife is amazing; buffalo, fresh ‚Ä¶",5
Kakadu,Harry Ens,"Over rated and over priced! They advertise all over Australia to visit Kakadu and than one thing they put an expensive park entry fee on it and second, everything is shut! I was always looking forward to go to kakadu once in my lifetime, ‚Ä¶",Unknown
Kakadu,Michael,Kakadu National Park shows you an unique part of Australia. It's located about 2.5-3 hours drive from Darwin and is definitely worth spending a few nights to explore. Unique flora and fauna as well as a rich history of the Aboriginal culture.,5
Kakadu,Albrecht Ch.,"Amazing park with different types of nature.
There are a lot of places with beautiful Aboriginal art, nice walking tracks and even a few places where you can swim. There are a lot of mosquitos in the north ‚Ä¶",5
Kakadu,Luke Atchison,"Of all the national parks I've been to, this one is definitely the most Kakadu.
Seriously, though, this place is amazing. Such vast distances, so much to see, so much unconstrained nature. Beautiful.
And so much human history, too!",5
Kakadu,L E ‚ÄúMary-jayne‚Äù Taylor,For the top end of Australia is one of the best views in the world. other than the south end of Australia.,5
Kakadu,HM,beautiful has lots nature and has varieties of animals mostly flies lots of things to look at one of the best parks in Australia which I've gone to it's a stunning place to go to but it is a place to wear suncream,5
Kakadu,cecile gray,"Excellent day out, it was a privilege to be shown about by Johnny one of the local senior leaders. Stunning views, amazing rock art and a glimpse of local culture.",5
Kakadu,Con Pyromallis,"We visited at the end of wet/start of dry season. Expected it to be hot but it was still oppressive. The limited time here was utilised by visiting Nourlangie Rock art site and Gunlom waterfall, which recently had the road opened. Twin and ‚Ä¶",5
Kakadu,Trevor ‚ÄúBig T‚Äù,One of the best places on Earth.,5
Kakadu,S L Cunningham,"Best to stay in Darwin and travel from their, to expensive to hotel in the Kakadu. Unless you caravan",3
Kakadu,Sharon Hughes,A spectacular national park - a real raw and wild Australian tropical wilderness experience. A must if visiting NT.,5
Kakadu,Anmol Singh,"Kakadu National Park, in the Top End or theNorthern Territory, is a World Heritage Site and one of the planet's great wilderness areas. Covering more than 19,840 square kilometers, Kakadu is the largest national park in Australia and the ‚Ä¶",5
Kakadu,Lennard Stoll,I feel robbed. Unbelivably overpriced -40(!!!) $ for nothing. The nature and attractions are allright (but nothing in comparison to all the other National Parks) and all the (maybe) nice spots like Jim Jim Falls are only available if you ‚Ä¶,Unknown
Kakadu,TropicalVibe,"We have been there middle of may. Besides of the overpriced entrance (40$ pp), all the main highlights were closed. Of course they told us that after having paid the fees. They created """"lookouts"""" all around the park to give the impression ‚Ä¶",Unknown
Kakadu,Tony Breugem,"Stated at Cooinda caravan park. Nice set up, pool, restaurant, good clean amenities. Great staff. Fair bit of travel getting around Kakadu but Coopers Croosing, Border Store , MAGUK GORGE, NORLANGIE AND UBIRR  really good. Jim Jim falls a ‚Ä¶",4
Kakadu,WN.C Katon,Absolutely marvelous stay at Cooinda Lodge,4
Kakadu,Leroy Eadon,Beautiful and natural. Well catered  for caravans to visit. You can either stay in one place to explore or move every day to a different caravan park.,4
Kakadu,Jdhvjh h,"The flight from Jabiru airport was spectacular and the boat trip on the yellow river allowed us to see crocodiles, Jabirus and other wild life.",5
Kakadu,Ashleigh Bourke,"Stunning, Special, a damn dream!",5
Kakadu,R Reid,"What a wonderful place.  Full of interesting places to go and do things.  A lot of aboriginal  stories, tales and artifacts.  Thank goodness for Rio Tinto Uranium mineing in the area.  It has helped so many people in so many ways, like education,tourisum ect.",5
Kakadu,Peter Taylor,"Over priced considering most things are still closed, visitor information centre at Jabiru dirty and staff do not tell you that places of interest are closed but willing to take your money, save your $$$ and go see Litchfield park much better. Kakadu terrible experience.",Unknown
Kakadu,Graeme Lehmann,"The rivers cruise  was good & scenic. But the other vegetation  is of mediocre  standard.I would call most of the trees well fed scrub.I have seen Daintree, Lamington,  Mt Warning & Mt Tambourine national parks.You are greeted by ‚Ä¶",3
Kakadu,Marianne Hodgson,"Unique. The view across the floodplain from Ubirr is an emotional experience. Not to mention the indigenous art to be viewed on the way. So many beautiful destinations within this huge park. Don't miss dawn at Gunlom, cruising Yellow ‚Ä¶",5
Kakadu,Nicolas S√∏rbr√∏den,"Great place, but so hot! Loved Jim Jim Falls and Twin Falls. Ubirr was great, did guided walk and caught the sunset (free of charge).",5
Kakadu,Albert Tietz,"Aussie experience that can't be missed. Its big(!) and representative of many types of eco systems, some scenic, some not so, but all important. Do yourself a favor and research prior to getting here - as limited info on signs, and limited ‚Ä¶",4
Kakadu,Mick Popp,"Today we did Spectacular Jumping Crocs, a rock carving site done by a Japanese artist, Ubirr Rock Art and lookout. Finished the day at 7pm in Jabiru. Staying at Kakadu Lodge, Jabiru tonight. Great food at the restaurant. I had Barramundi. Awesome pool!",5
Kakadu,Ï°∞Î∞úÎ¶¨Ïã†Îîî,Bit far away and nothing to see and noting to do much,2
Kakadu,Alex Shaw,Probably some of the saucyest scenery I've ever witnessed got a sexy little African vibe to it,5
Kakadu,Queenie Tamariki,I have only done a few places in the national park. What I have seen has been good but there is so much more to see. You need t least 2 weeks to enjoy the while park,3
Kakadu,Chris Iser (Xo4),"It's big, it's hot, it's for off-roading.",4
Kakadu,Ben Coady,Really impressive and worth taking your time to explore the extremely diverse environments - contrast the stone country with the wetlands.  The wildlife and rock art are astounding.,5
Kakadu,plucka12345,"Don't bother going there, such a disappointment and massively overrated! The roads are terrible, most are unsealed and badly corrugated. Although told by staff at the information centre that we could get through to JimJim falls, billabong ‚Ä¶",Unknown
Kakadu,◊°◊û◊ì◊® ◊ò◊ô◊ô◊£,"well, I actually thought it would be deferrent. due to the heat, the birds were nowhere to be found. a lot of the ereas burned, leaving many trails with no shade in nearly 40 degrees and humidity.",3
Kakadu,Bernadette McGree,We went in the dry season and had a superb trip! The care and attention taken by National Parks to preserve the land and honour the local people was outstanding. ‚Ä¶,5
Kakadu,Little Koala,I didn't see any kakadus,Unknown
Kakadu,Val Kraken (ValKraken),Didn't see no crocs but still really pretty. Very hot when we went so would recommend going here in winter,5
Kakadu,Mark Madden,A true world heritage national park,5
Kakadu,Melbo S,"Ubirr, Noarlangi walks were amazing and worth the climb even in 38 degree heat.  Rock art works are excellent. Yellow river is also a must along with Bowali and the cultural centre. Here in mid October and can't wait to come back for a wet ‚Ä¶",5
Kakadu,Dallas Sargeant,There should be a better information center as you enter the park. The map we had combined with the signage were not good enough for us to decide how to spend the day. We only found the wetlands by accident.,3
Kakadu,Wendy Bennett,Managed camping grounds at Muirella are dirty and hideously overpriced. Most of the walks in the northern sections of Kakadu were closed or partially closed. Many were burnt out. Until the Mary River section the whole place was very ‚Ä¶,Unknown
Kakadu,G√∂khan K√ñROƒûLU,"Kakadu National Park is a protected area in the Northern Territory of Australia, 171 km southeast of Darwin. ‚Ä¶",4
Kakadu,Pamela Kelly,World Heritage Site is not for nothing! Effort is required but  well worth it. You may have seen photos but nothing can compare to being here.,5
Kakadu,Devan,"Amazing place. Must see in everyone's lifetime. Explored both by foot and by small plane over the entire park, both incredible in their own way. A part of the outback that should not be ignored.",5
Kakadu,Vinay Mittal,"Nice place. Lots of road side kangaroos resulting difficulty in driving in morning and evening hours. Many many mosquitoes.
Overall must visit place.",4
Kakadu,april weightman,Did a tour with off road dreaming. Guide was good but didn't think much of the national park too expensive,2
Kakadu,Raphael Tefera,"The most beautiful, pristine, untouched piece of land, reflective of the ancient indigenous culture. From the  serene waterfalls, the breathtaking cliffs, and the powerful cave paintings.",5
Kakadu,Josh Baker,"Always a winning option, worth the trek to some of the harder to reach places in the southern end of the park",5
Kakadu,Jace O'Brien,"Amazing place to see heaps of wildlife, people are great and really good with describing why and what things are and do",5
Kakadu,Brad,They have the hide to charge $40 per adult for park fees and most things are closed due to seasonal or cultural closures. Will never be back.,Unknown
Kakadu,Leanne Saward,Thanks to Ranger Adrian for a wonderful experience explaining the different types of rock art and Dreamtime stories at Ubirr.  A great way to be educated about our indigenous cultures.,5
Kakadu,L Lotus,Thank U Custodian Johnny Reid for leading me and 3 car loads of friends on a great adventure. Jim Jim Falls and the Rock Art Anabungbung awesome places.,5
Kakadu,V Coxhedge,"Roads are wide and great to drive on. Great signage about seasonal closures.
Love to go back during the dry season",5
Kakadu,Specialized Adventure Safaris,Entire parks better sites were mostly closed.... thankfully we saved the fuel and went elsewhere after looking it up on the Kakadu website this was also expected to be the case after talking to locals at a few pubs earlier in the week,Unknown
Kakadu,Dave Humphries,"If you have never been to Kakadu, or your thinking of going? Just do yourself s favour and book your holiday now. Its everything they tell you and more. I will be going back again soon. Its perfect",5
Kakadu,Pete Canny,"Imagination could not have conjured this place.
Amazing flora and fauna. A timeless history and so well looked after by the traditional custodians.",5
Kakadu,Robin de Bruin,"One of the biggest national parks in Australia. A lot of wildlife can be seen all over. Be sure to visit the park during the right period of time though, since it can be stormy when you're in the wrong season. I'll visit it again when I have the chance to do so.",5
Kakadu,Barry,Very overrated Jabaroo is a hole.,2
Kakadu,Jalwin Johnson,"Kakadu National Park is an enormous, biodiverse nature reserve in Australia‚Äôs Northern Territory. With terrain encompassing wetlands, rivers and sandstone escarpments, it‚Äôs home to some 2,000 plant species and wildlife from saltwater ‚Ä¶",4
Kakadu,M Kent,Beautiful part of Australia! An absolute must.,5
Kakadu,Deborah Mitchell,"We will never visit here again, info centre was filthy and a waste of time, we had vehicle issues and had to keep driving, info centre was no help, just go online apply for a refund, we did, a month later no answer, the whole place was on fire as well, can't believe you have to pay for a pass and then keep paying pure greed",Unknown
Kakadu,John Hodgson,"After visiting Kakadu or kakadont ive formed an analogy
If a sextillion mozzies dont bother you the absence of any attractions physical or cultural should ‚Ä¶",3
Kakadu,Anthony Venes,"Always enjoy visiting Kakadu National Park. The landscape, flora and fauna offer an excellent backdrop for family holidays, having fun with friends, or simply relaxing.",5
Kakadu,Shaoping Sun,"Most of Kakadu was under a shallow sea approximately 140 million years ago, with the escarpment wall formed from sea cliffs and Arnhem Land from a flat plateau above the sea.The escarpment rises 330 metres above the plateau and extends ‚Ä¶",5
Kakadu,jordan webb,Good it's different but out in the bush still go on some of the walks and it looks amazing a bit rocky for the walks but has some gorgeous waterfalls,5
Kakadu,k- chan,Three days was not enough. An amazing part of the NT.  I'll be returning to explore some of the longer walks.,5
Kakadu,Olaf Krause,I like the aborigines heritage sites and Gunlom infinity pool. The Motor Car Falls are also nice. Maybe more spectacular in wet season üòâ ‚Ä¶,4
Kakadu,Maureen Donovan,Yellow water cruise did not disppoint,5
Kakadu,Nutella4 Life,I think Kakadu National Park is awesome and it has so many unusual and pretty stuff. You should definitely go there at least  once in your life. ITS AWESOME,5
Kakadu,James Harris,Older than can be imagined,5
Kakadu,martin stephenson,"National Park for indigenous, with focus on indigenous culture. The river cruises at Yellow Waters was great... lots of wild life",4
Kakadu,Jay Bandy,"What a place. Amazing. We saw the lot buffalo, Crocs, swam in water holes & had a great time as a family",5
Kakadu,Sarah B,Kakadu is a national park filled with rich ancient history and the flora and fauna is a sight to see.You can spot crocs on billabongs and watch an array of local birds fly by.A must visit when your in the top end.,5
Kakadu,Philippe De Carvalho,So expencive. 40$ per person even during the wet season where a lot of tracks are still closed. Many mosquitos. No free camp! They try to rip you off!,Unknown
Kakadu,z z,"worst experience ever, none of the sites or places of interest are opened and in some places you wont find out it is closed untill you drive 10km muddy road. suggest to go to litchfield national park, better view and better service.",Unknown
Kakadu,Robert Madden,Very interesting. Plenty to see.,4
Kakadu,Peter Rowswell,"Spend a few days or weeks exploring this amazing place.  Book a tour and enjoy.

You will never never know
If you never never go",5
Kakadu,Walter Sutter,Amazing wildlife and fascinating pre-historic rock art sites.,5
Kakadu,supreme cheese,Definitely in the top five best national parks in Australia. Highly recommend visiting this national park.,5
Kakadu,Joyce Lang,Beautiful area learned a lot about the indigenous people,5
Kakadu,Pauline Dunstan,Beautiful place.  Lived there  many years ago. Heaps to see and do. Great golf course in Jabiru.,5
Kakadu,Josh T,"An amazing place with many hidden gems to explore, recommend multi day visits or hikes to have the best experience and coverage of the area.",5
Kakadu,Sanjay Patel,Must go place and had to be part of your bucket list; doesn't matter which part of the world you live.,5
Kakadu,Kim Werner,"Kakadont.
Expect you pay for an expensive park pass and all the goods spots are closed. Over-rated and commercialised .",Unknown
Kakadu,Kerry Walters,"i visted kakadu   two months ago.   Ihad know idea  what  to expect i was  just blown away i dont  think i will  ever see such beauty again.
sitting on top of a hill and watching the sun set was amazing and spiritual. ‚Ä¶",5
Kakadu,Gwenda Marshall,This is an area that contains interests for all. Culturally significant for us in understanding our past history. The great tours and accommodation,5
Kakadu,Alvaro Cervera,Impressive. Best views from Ubirr. A tour to see Jim Jim falls and yellow water cruise recommended.,5
Kakadu,Karen Parker,"Jim Jim Falls are incredible, just stunning. Also love Gumlom, Maguk, Ubirr and Nourlangie. A total privilege to visit",5
Kakadu,Alex Lewis,"Australia's largest National Park. It's pretty sweet. Especially, if you're into your Birdlife and crocodiles.",5
Kakadu,Donna Milligan,Great walks and culture,5
Kakadu,Jessica Morris,Beautiful.  But other people need to respect the wishes of the land owners and not take photos of the rock art particularly the demonds,5
Kakadu,Bondy 69,Not sure why Google keeps asking me to review Kakadu...haven't been there...I'm sure its nice...heard good things...5 star.,5
Kakadu,Nuwan Madusanka Karunathilaka,"Amazing place..
Wow",5
Kakadu,Lynnette ‚ÄúLynnette‚Äù Dobson,One of the most unspoiled and terribly beautiful landscapes in Australia. Must see for tourists and nationals alike. 10 out of 10.,5
Kakadu,Dion Daniell,"This place is stunning! It's hot with a million flies but worth it. I recommend a fly net.. In fact, I insist you get a fly net",5
Kakadu,Giuseppe Bandini,One of the best spot in Australia but unfortunately most of the park it is accessible only with 4wd or tour usually very expensive.,3
Kakadu,Ed Murphy,Too far!,2
Kakadu,Dan O'Connor,Absolutely amazing! Even better than I ever could have imagined. Wish I had more time to spend here. Will definitely be back,5
Kakadu,Tom B,You Pay 40$ per Person entrance additional camping. A lot of the signs on the walkingtracks are broken or unreadable... I would not visit this Park again.,2
Kakadu,Hannes R,Long ways to drive without anything to see. Nearly everything closed for season conditions. I would recommend Litchfield instead of Kakadu Park.,2
Kakadu,brad H,Sooo big! We only went for 2 nights and it is not enough time for it all. Make sure you have more time to see everything,5
Kakadu,Doug Adamson,"Magnificent, really enjoyed Yellow Waters, Cahils Crossing, Ubirr Rock, Nourlangie Rock and Crocodile Motel.",5
Kakadu,Joanne Rhodes,"Absolutely incredible, cant wait to go back",5
Kakadu,Kye Lepetit,Just amazing a place everyone must visit,5
Kakadu,Brian Strathearn,Yellow Waters was great.... but you really need a 4WD for the dirt tracks to see the best of Kakadu,4
Kakadu,Ian Carter,"Great camps in the park , awesome scenery , get there late in the wet season to make the most of the water falls",4
Kakadu,Mary Cockett,"Great aboriginal art. Some good swimming holes, especually Maguk, upper and lower.",4
Kakadu,Thomas Kohlborn,Absolute must see! Yellow River tour and then the aboriginal art sites. Really nice!,5
Kakadu,Gopherit 55,"Yellow waters cruise was fantastic. However, the rest of Kakadu is overrated and expensive imo.",3
Kakadu,Ivana Skodova,Many nice places. But.. Many places closed during the wet season. (April and no water anywhere by the way),4
Kakadu,BB Bravo,"Yellow water, Nourlangie, Ubirr..., all good. Visit KaKadu  in dry season, some attractions are closed in wet seasons.",5
Kakadu,stephen whinfield,Great place to visit,5
Kakadu,WAYNE MILLER,Outstanding aboriginal cultural heritage and well worth a few days sightseeing and swimming in the rock pools,5
Kakadu,Michael Taylor,This place blows my mind. So pretty in so many ways. Makes you wish that everywhere had hidden places of such beauty like this nearby.,5
Kakadu,Johanna van Lunenburg,"Very disappointed. Nothing at all like advertised.
Aboriginal rock paintings were interesting, tjougj",Unknown
Kakadu,Beth Lenihan,Insanely brilliant. The best national Park in Australia. Worth every minute here. Loved it.,5
Kakadu,lanny Lee,"Great park....spend a few days exploring, especially the rock art. Jabiru was ‚≠ê‚≠ê‚≠ê‚≠ê‚≠ê",5
Kakadu,Dreamer 05,Would recommend really good views,5
Kakadu,Carmel Leonard,Bucket list is ticked. Amazing places.  So very huge!  Try to get a local guide.,5
Kakadu,Luke De Vries,"Lovely, there are secrete swimming spots with waterfalls throughout.",5
Kakadu,Wouter Van Roie,Heaps of different things to see in this huge park! Lots of indigenous involvement in management and referral to them at different stops.,5
Kakadu,Music with Lauren,AMAZING place.  Stunning water holes to swim and landscape sights to see.,5
Kakadu,Paul Eliot,Excellent place the wild life    you will never never know if you never never go       its an easy drive from Darwin,5
Kakadu,Barry Neale,Great place.Ubirr with exquisite aboriginal art and distant views- Cahill crossing watching crocs washing over the causeway..,4
Kakadu,bryan symes,Loved cooinda and especially sunset boat cruise. Other places were overrun with school groups.,4
Kakadu,Charles Brock,A great part of Australia to visit again. Shopping in town not back to normal yet after Covid,5
Kakadu,Alan Wilson,Australian. GAFFA. Remote but on bucket list. Long day in bus. Would be totally different in WET.,4
Kakadu,Mehmet Kolgu,"Disappointed... Most of the places you see in the pictures are not accessible , accessible ones has very very bad corrugated road you kill yourself... EVERYTHING IS VERY EXPENSIVE..",3
Kakadu,Phil Taaffe,Put it on your must do list. Fantastic!,5
Kakadu,Anna Scaffidi,"Loved it, so much to see and do so much art rock falls and walks",5
Kakadu,Ying Che,"We came during dry season so just lots of March flies, not much of anything else.",3
Kakadu,Catherine Hawkins,"Beautiful place, a 4x4 recommended if you want to see the best parts.",5
Kakadu,Denise Dunn,Lots to see and do,5
Kakadu,Shane Fisher,"Kakadu National Park first and largest NP in OZ what more can I say but ""outstanding"" specially in the wet",5
Kakadu,Shaun Patterson,It's the place to go for barra and crocs,4
Kakadu,Kay Hill,"Disgusted as most l  spoke to were, rangers waste time ground cooking fake aboriginal feasts rather than opening access to major attractions, mossies even bite though chairs",Unknown
Kakadu,Alex Kostas,"Make sure you do the East Alligator River Tour run by indigenous guides, it will make your trip worth it!",5
Kakadu,Kornelia Gold,Best place ever to visit,5
Kakadu,Debbie Morrison,"Kakadu was bloody awful, Got mobbed by a bunch of boong dogs and got thrown spears at never going ever again they also stole my tent the bludgers ps knicks are bad",2
Kakadu,Ian Holden,An absolute must tick off on everyone‚Äôs bucket list. Beautiful and unique part of the world.,5
Kakadu,Andrew Nelson,Some of the most beautiful natural wonders in the world all across the park,5
Kakadu,aaron seefeld,Such a lovely spot so much to look at great for bush walks and hikes,5
Kakadu,75lainie,I just want to keep coming back here. One of the most spiritual and beautiful places on Earth.,5
Kakadu,Fay Greenough,My husband and I with our friends enjoyed it and also staying at Cooinda Lodge very nice,5
Kakadu,Kamil Chetty,Literally paradise in a desert...  Amazing..  Awe inspiring...  Sensational...  Must visit..  Must see!!,5
Kakadu,Wade Lehmann,Really enjoyed our stops here (many!) during our Northern Territories exploration.,5
Kakadu,Trace D,Loved it. Cahills crossing at high tide is an absolute must for every visitor,5
Kakadu,Praful Shah,One of the best national park lots of activities and places to see,5
Kakadu,Kieron Nixon,Camping & fishing is excellent still to catch legal barra though.,4
Kakadu,Elena Sviridova,It was land of Dandy the Crocodile and it was like to travel to Mars. Amazing! Nothing like! Upside down as is!,5
Kakadu,Jacob Dahle,Kakadu - where else can go from a dessert climate to a march in 100 miles. Crocodiles to Kangaroos.,5
Kakadu,Taka Chia,The rock art was awesome. Love the waterfalls too!,4
Kakadu,Bailey K,"It ok, but they need better people working there, the one guy just kicked me like a mule.",Unknown
Kakadu,Jason Hay,Great,5
Kakadu,KILONEWTONS,Nice,5
Kakadu,Gloria Snadden,Wow what a beautiful place. Lots to see and do.,5
Kakadu,Daniela Karner,Spectacular waterfalls. A 4wd is a must to really enjoy it though,5
Kakadu,Jeremy Branch,"Worst national park I have been to, go to Litchfield for a better experience closer to Darwin",Unknown
Kakadu,Allison Hunt,"One of those life experiences everyone needs to remind them of the importance of environment, culture and inclusion.",5
Kakadu,Diego Sperber,"Awesome place. Do not miss any place, it is all worthy!",5
Kakadu,isabelle stanton,it was pretty good but i got bit by a crocodile on my stay,2
Kakadu,Greg Marriner,Great flight around the park beautiful and spectacular waterfalls fantastic,5
Kakadu,Alicyn Swallow,Lovely land out there really nice to go fishing,4
Kakadu,Tony Hegyi,Well worth the visit and do the various day trips,4
Kakadu,Joel R,Great visit. Very busy and not even peak season.,4
Kakadu,Alex Springer,Fantastic trip,5
Kakadu,Riekelt Pasterkamp,Best place ever,5
Kakadu,Lynne Barr,Peace on water. Nature at it's best. Brilliant guide who was passionate about country,5
Kakadu,Jonas P,Depends a bit when you go but the park is pretty stunning!,5
Kakadu,Graeme Johnston,Very beautiful place to visit so many things and places to see,5
Kakadu,Susan Young,"Worth doing the fly over, see all of it and pilot is veey knowledgeable with its history.",5
Kakadu,Sean Oloughlin,"Iconic Aussie park,  rock art,  geology n scenery n waterfalls",5
Kakadu,Kamlesh chandra Mishra,"Simply amazing,nice park to visit once  in life,nice landscapes",5
Kakadu,Liilia Lehtsaar,It‚Äôs all closed! Drove into the Kakadu to find out they have closed almost all attractions! Really disappointed!,Unknown
Kakadu,Giles B,Awesome experience and getting to see crocs in the wild was a bonus.,5
Kakadu,Jett,Really fun place to go to but with lots of spiders,5
Kakadu,James Gibson,"You need to visit this place many times to appreciate it, maybe a tour first time.",5
Kakadu,Dennis Munk Christensen,Beautiful national park especially enjoyed gunlom falls,5
Kakadu,Kim Woodrum,We loved this place. Take the boat cruz for sure,5
Kakadu,Pieter van der linden,Magical place. With nature and culture. I highly recommend the Kakadu cultural tours.,5
Kakadu,Jeffrey Allen,"Great boat trip with well informed guide, watch for crockery.",4
Kakadu,Peter Middleton,"Kakadu is a must do once in your life. So much to see, beautiful scenery",5
Kakadu,Adam J,A beautiful place but be careful. I was killed by a crocodile here.,5
Kakadu,Joshua Ferguson,"Simply amazing,  couldn't believe how stunning the views were.  Pictures simply don't do it justice.",5
Kakadu,D C,One of the best national parks in all of Australia.,5
Kakadu,Carolyn Webb,Yellow  water cruise Cooinda fabulous  Warradjan very interesting.,5
Kakadu,Warren Symons,"Nice swimming pool, good facilities. Got a visit from a dingo as well.",4
Kakadu,Nea Barabea,Beautiful national park!,5
Kakadu,Chris Hopkinson,Amazing place!,5
Kakadu,Emu S,Only did yellow waters. Always great  . Didnt see much else,2
Kakadu,David Hatcher,Loves it and see things around at Kakadu national park,5
Kakadu,David Coates,Easy drive out from Darwin on bitumen. Check access first if wet.,4
Kakadu,Kevin Ball,Some very beautiful spots to see bring the mossie replant,5
Kakadu,Anders & Sharleen,Yellow water cruises,4
Kakadu,Con O'connell,Great experience learn about nature and why we must respect the nature,5
Kakadu,Brett R,A must üòâ ‚Ä¶,5
Kakadu,cdeGeoff Middleton,Awesome place highly recommend to people AAA  must too see,4
Kakadu,kevin baxter,It is beautiful and very nice place to visit,5
Kakadu,Peter James,"Should be on every one's bucket list, an ancient landscape still inhabited by an ancient people.",5
Kakadu,Lawrie T,"Overwhelming, a must see, a full day exploring not enough time ,options are endless ,will visit again",5
Kakadu,Stephen Smith,Park was nice but the Rangers where yelling at when I went for a swim in the river.,Unknown
Kakadu,David Sork,Worth the money.  Excellent knowledgeable guide. Picturesque.,5
Kakadu,Lawrence Mark Olson (Bo Jest),"I would like to see it for myself someday, but God knows how hard that would be!",5
Kakadu,Ronald Van Heek,Not worth the money  $40 ppy to get in and camping $15pp it's  a rip off,Unknown
Kakadu,Nateechaweewanichkul,Great outback experience,5
Kakadu,David Noack,"Scenery,Culture,Artwork, Environment just beautiful.",5
Kakadu,Benjamin Sangster,Well worth the trip. Don't forget to look at Lichfield also.,5
Kakadu,Trey Cate,"Lots of kaka, but nothing to du.",Unknown
Kakadu,Skygate Dental,"Nice place, great views and outdoor location : )",5
Kakadu,Niranjan B,Great place to visit. Gets hot and humid.,5
Kakadu,Susan Hunt,Enjoyed a brief but beautiful visit. Ubirr  is a must,5
Kakadu,Shirley Wilson,I live here so I love it. Peace and serenity,5
Kakadu,Kerry Falconer,Absolutely amazing experience...would recommend it to anybody.,5
Kakadu,Mark Newling,Camping in Kakadu in one of the NP camps was nice and quiet,3
Kakadu,peter walker,You never never  know if you never never go . Place is epic,5
Kakadu,Jaideep Chaudhary,Alligator River is full of Crocs..Do not go in the water..,5
Kakadu,Jennifer Haydon,"Fantastic place, fascinating culture, scenery beautiful",5
Kakadu,Marissa,Great place to go hiking and camping.,5
Kakadu,A G (GANGRY),Beautiful spot but VERY overpriced. Litchfield is much better value.,3
Kakadu,Kevin Schilling,Cost you a lot of money for nothing special. Better go to Gibb-River-Road or Karijini,Unknown
Kakadu,Yumcha Hotpot,Enjoyed it soooo much that we would go back again!,5
Kakadu,Sean Ward,What a lovely place,5
Kakadu,Ann Bailleul,Beautiful national park!! Will be back soon!!,5
Kakadu,si azam,"Wowüòç. I like this country. And, i want to go to australia. BUT I CAN,Tüò≠üò≠üò≠üò≠üò≠ ‚Ä¶",4
Kakadu,Bill Martin,Professional guides and Rangers. Great place to stay and visit.,5
Kakadu,Ray Robinson,Best part was the Yellow Waters sunset cruise,4
Kakadu,Jackson Terry,Unfortunately most things were closed. Next time. Hopefully,Unknown
Kakadu,Braƒë Cole,Not many level areas. Basic drop toilets.,3
Kakadu,Sam Elliott,"Not a patch on the Kimberley. Winter only, unless you want to melt from the heat.",3
Kakadu,Cristian vassallo,Need 2 to 3 days to enjoy this natural park,4
Kakadu,Mark Lenard,The absolute greatest place on Earth. There is hardly even a close second.,5
Kakadu,Gwyn Taylor,Plenty to see & do!,5
Kakadu,Kay Barton,"Really pretty, VERY tourist orientated.",5
Kakadu,Kerry Davies,Loved it.Did a scenic flight which was fab,5
Kakadu,Don Johnson,I've seen better uranium deposits,3
Kakadu,Bev Sithole,Always a delight to see the changing seasons reflected on the landscape..,4
Kakadu,Glenn Millican,Amazing. Stunning Australian countryside. A must see,5
Kakadu,Gerald Sidebottom,Great place to visit. Park a bit tired.,4
Kakadu,No u,when i went we had to fight some crocs but thats australia,5
Kakadu,Greg Tolcher,Thoroughly worth a visit over several days.,5
Kakadu,Frank Flynn,"Just simply unbelievable. Take a plane flight, it‚Äôs a must!",5
Kakadu,Qqq Qqq,very bituful i lice thas aninals and plans peoples verie fryndly,5
Kakadu,Sarah Thomas,Love Kakadu.  Love the NT. X,5
Kakadu,James McBryde,good place to swim the crocs arnt thaaaaat bad,5
Kakadu,Matthew Hovell,Such a beautiful place here in the Northern Territory,5
Kakadu,Rhonda Just,Love this place for its difference to down south in Victoria.,5
Kakadu,Fabian Michel,"Breathtaking, my highlight of 6500 km journey",5
Kakadu,Lee Mclachlan,"Do it, you won't regret it.",5
Kakadu,Dylan Matthews,"Lots to see, but so spread out. Day trip to get anywhere.",4
Kakadu,Enga Sam,Love the place. Looking forward after covid,4
Kakadu,Mike Reville,"Another world. Surprising rough beauty, changes all year round.",5
Kakadu,Lesley Sargent,"Wonderful, breathtakingly beautiful, a must in your lifetime",5
Kakadu,Mark Finney,The best national park in Australia? Maybe.,5
Kakadu,Frances Hayes,Wonderful place to visit so much to see,5
Kakadu,Julie Masters,"What an awesome place, can't get enough.",5
Kakadu,jet mccann,Awesome. U need a month to see it all,5
Kakadu,Sue Varcoe,Amazing scenery rockpools and wildlife,5
Kakadu,Jayne Bot,Loved the yellow waters cruise but Kakadu overated,3
Kakadu,Jonathan O,One of the worlds most amazing places,5
Kakadu,nicolas fleury,Makr sure you check what will be opened based on the season before you go,5
Kakadu,Joseph Pereira,Awesome experience. Park your was a highlight,5
Kakadu,Ken Cole,Very inreresting pkace well worth the visit.,4
Kakadu,Tammi Grech,Fantastic,5
Kakadu,Carlie Courtenay-Clack,Absolutely stunning and so amazing and beautiful,5
Kakadu,Leslie Johnson,The cave paintings alone are worth the visit,5
Kakadu,Leo,Walking on an Uraniumfield does not Sound cool.ü§î ‚Ä¶,3
Kakadu,Jean-Jacques Cordier,Very nice but be careful with the voracious mosquitoes,4
Kakadu,Alexander Jarasch,Liked it even if it was extremely dry.,4
Kakadu,Idan Damri,"We went with territory expeditions, it was the best",5
Kakadu,Lyn Allen,"Amazing place, well worth a visit",4
Kakadu,Richard Harris,How can this place only have 4.5 stars! It's a masterpiece,5
Kakadu,Troels Ersted Rasmussen,Beatiful Place! Can definitely recommend.,5
Kakadu,Treeman Forest,Amazing Park to visit in Australia!,5
Kakadu,Evangelos Barlas,Worth to visit eaten alligator crossing see crocodiles,5
Kakadu,ÈæôÂèî,Really great natural look out!i,5
Kakadu,Greg Cook,Paradise,4
Kakadu,Phillip Lane,Must do more to see next time.,4
Kakadu,Tammie Powell,Heaps to look at. Gorgeous place,5
Kakadu,Michael Mc,Pristine wilderness - great from the air too üòé ‚Ä¶,5
Kakadu,Lance Beevers,Everyone should visit this place at least once in your life,5
Kakadu,james mcneven,Kakadu national Park is a deadly place to go to ok,3
Kakadu,Chris walker,Special place on many levels.  Worth the visit...,5
Kakadu,Debbie Bailey,Great place,5
